start,end_estimated,duration_minutes,duration_basis,job_id,source,job,schedule,cadence,watchdog
2026-10-08T00:00:00,,,unknown,windows:\Maintenance\Restart Watchdog,windows,\Maintenance\Restart Watchdog,Trigger 1: MSFT_TaskDailyTrigger,daily,false
2026-10-08T00:05:00,,,unknown,windows:\Maintenance\Restart Watchdog,windows,\Maintenance\Restart Watchdog,Trigger 1: MSFT_TaskDailyTrigger,daily,false
2026-10-08T00:10:00,,,unknown,windows:\Maintenance\Restart Watchdog,windows,\Maintenance\Restart Watchdog,Trigger 1: MSFT_TaskDailyTrigger,daily,false
2026-10-08T00:15:00,,,unknown,windows:\Maintenance\Restart Watchdog,windows,\Maintenance\Restart Watchdog,Trigger 1: MSFT_TaskDailyTrigger,daily,false
2026-10-08T00:20:00,,,unknown,windows:\Maintenance\Restart Watchdog,windows,\Maintenance\Restart Watchdog,Trigger 1: MSFT_TaskDailyTrigger,daily,false
2026-10-08T00:25:00,,,unknown,windows:\Maintenance\Restart Watchdog,windows,\Maintenance\Restart Watchdog,Trigger 1: MSFT_TaskDailyTrigger,daily,false
2026-10-08T01:00:00,2026-10-08T02:10:00,70.0,observed,sql_agent:SQL01:Nightly ETL,sql_agent,Nightly ETL,Nightly,daily,false
2026-10-08T01:00:00,2026-10-08T01:40:00,40.0,observed,windows:\Maintenance\Disk Cleanup,windows,\Maintenance\Disk Cleanup,Trigger 1: MSFT_TaskDailyTrigger,daily,false
2026-10-09T00:00:00,,,unknown,windows:\Maintenance\Restart Watchdog,windows,\Maintenance\Restart Watchdog,Trigger 1: MSFT_TaskDailyTrigger,daily,false
2026-10-09T00:05:00,,,unknown,windows:\Maintenance\Restart Watchdog,windows,\Maintenance\Restart Watchdog,Trigger 1: MSFT_TaskDailyTrigger,daily,false
2026-10-09T00:10:00,,,unknown,windows:\Maintenance\Restart Watchdog,windows,\Maintenance\Restart Watchdog,Trigger 1: MSFT_TaskDailyTrigger,daily,false
2026-10-09T00:15:00,,,unknown,windows:\Maintenance\Restart Watchdog,windows,\Maintenance\Restart Watchdog,Trigger 1: MSFT_TaskDailyTrigger,daily,false
2026-10-09T00:20:00,,,unknown,windows:\Maintenance\Restart Watchdog,windows,\Maintenance\Restart Watchdog,Trigger 1: MSFT_TaskDailyTrigger,daily,false
2026-10-09T00:25:00,,,unknown,windows:\Maintenance\Restart Watchdog,windows,\Maintenance\Restart Watchdog,Trigger 1: MSFT_TaskDailyTrigger,daily,false
2026-10-09T01:00:00,2026-10-09T02:10:00,70.0,observed,sql_agent:SQL01:Nightly ETL,sql_agent,Nightly ETL,Nightly,daily,false
2026-10-09T01:00:00,2026-10-09T01:40:00,40.0,observed,windows:\Maintenance\Disk Cleanup,windows,\Maintenance\Disk Cleanup,Trigger 1: MSFT_TaskDailyTrigger,daily,false
2026-10-10T00:00:00,,,unknown,windows:\Maintenance\Restart Watchdog,windows,\Maintenance\Restart Watchdog,Trigger 1: MSFT_TaskDailyTrigger,daily,false
2026-10-10T00:05:00,,,unknown,windows:\Maintenance\Restart Watchdog,windows,\Maintenance\Restart Watchdog,Trigger 1: MSFT_TaskDailyTrigger,daily,false
2026-10-10T00:10:00,,,unknown,windows:\Maintenance\Restart Watchdog,windows,\Maintenance\Restart Watchdog,Trigger 1: MSFT_TaskDailyTrigger,daily,false
2026-10-10T00:15:00,,,unknown,windows:\Maintenance\Restart Watchdog,windows,\Maintenance\Restart Watchdog,Trigger 1: MSFT_TaskDailyTrigger,daily,false
2026-10-10T00:20:00,,,unknown,windows:\Maintenance\Restart Watchdog,windows,\Maintenance\Restart Watchdog,Trigger 1: MSFT_TaskDailyTrigger,daily,false
2026-10-10T00:25:00,,,unknown,windows:\Maintenance\Restart Watchdog,windows,\Maintenance\Restart Watchdog,Trigger 1: MSFT_TaskDailyTrigger,daily,false
2026-10-10T01:00:00,2026-10-10T02:10:00,70.0,observed,sql_agent:SQL01:Nightly ETL,sql_agent,Nightly ETL,Nightly,daily,false
2026-10-10T01:00:00,2026-10-10T01:40:00,40.0,observed,windows:\Maintenance\Disk Cleanup,windows,\Maintenance\Disk Cleanup,Trigger 1: MSFT_TaskDailyTrigger,daily,false
2026-10-11T00:00:00,,,unknown,windows:\Maintenance\Restart Watchdog,windows,\Maintenance\Restart Watchdog,Trigger 1: MSFT_TaskDailyTrigger,daily,false
2026-10-11T00:05:00,,,unknown,windows:\Maintenance\Restart Watchdog,windows,\Maintenance\Restart Watchdog,Trigger 1: MSFT_TaskDailyTrigger,daily,false
2026-10-11T00:10:00,,,unknown,windows:\Maintenance\Restart Watchdog,windows,\Maintenance\Restart Watchdog,Trigger 1: MSFT_TaskDailyTrigger,daily,false
2026-10-11T00:15:00,,,unknown,windows:\Maintenance\Restart Watchdog,windows,\Maintenance\Restart Watchdog,Trigger 1: MSFT_TaskDailyTrigger,daily,false
2026-10-11T00:20:00,,,unknown,windows:\Maintenance\Restart Watchdog,windows,\Maintenance\Restart Watchdog,Trigger 1: MSFT_TaskDailyTrigger,daily,false
2026-10-11T00:25:00,,,unknown,windows:\Maintenance\Restart Watchdog,windows,\Maintenance\Restart Watchdog,Trigger 1: MSFT_TaskDailyTrigger,daily,false
2026-10-11T01:00:00,2026-10-11T02:10:00,70.0,observed,sql_agent:SQL01:Nightly ETL,sql_agent,Nightly ETL,Nightly,daily,false
2026-10-11T01:00:00,2026-10-11T01:40:00,40.0,observed,windows:\Maintenance\Disk Cleanup,windows,\Maintenance\Disk Cleanup,Trigger 1: MSFT_TaskDailyTrigger,daily,false
2026-10-12T00:00:00,,,unknown,windows:\Maintenance\Restart Watchdog,windows,\Maintenance\Restart Watchdog,Trigger 1: MSFT_TaskDailyTrigger,daily,false
2026-10-12T00:05:00,,,unknown,windows:\Maintenance\Restart Watchdog,windows,\Maintenance\Restart Watchdog,Trigger 1: MSFT_TaskDailyTrigger,daily,false
2026-10-12T00:10:00,,,unknown,windows:\Maintenance\Restart Watchdog,windows,\Maintenance\Restart Watchdog,Trigger 1: MSFT_TaskDailyTrigger,daily,false
2026-10-12T00:15:00,,,unknown,windows:\Maintenance\Restart Watchdog,windows,\Maintenance\Restart Watchdog,Trigger 1: MSFT_TaskDailyTrigger,daily,false
2026-10-12T00:20:00,,,unknown,windows:\Maintenance\Restart Watchdog,windows,\Maintenance\Restart Watchdog,Trigger 1: MSFT_TaskDailyTrigger,daily,false
2026-10-12T00:25:00,,,unknown,windows:\Maintenance\Restart Watchdog,windows,\Maintenance\Restart Watchdog,Trigger 1: MSFT_TaskDailyTrigger,daily,false
2026-10-12T01:00:00,2026-10-12T02:10:00,70.0,observed,sql_agent:SQL01:Nightly ETL,sql_agent,Nightly ETL,Nightly,daily,false
2026-10-12T01:00:00,2026-10-12T01:40:00,40.0,observed,windows:\Maintenance\Disk Cleanup,windows,\Maintenance\Disk Cleanup,Trigger 1: MSFT_TaskDailyTrigger,daily,false
2026-10-13T00:00:00,,,unknown,windows:\Maintenance\Restart Watchdog,windows,\Maintenance\Restart Watchdog,Trigger 1: MSFT_TaskDailyTrigger,daily,false
2026-10-13T00:05:00,,,unknown,windows:\Maintenance\Restart Watchdog,windows,\Maintenance\Restart Watchdog,Trigger 1: MSFT_TaskDailyTrigger,daily,false
2026-10-13T00:10:00,,,unknown,windows:\Maintenance\Restart Watchdog,windows,\Maintenance\Restart Watchdog,Trigger 1: MSFT_TaskDailyTrigger,daily,false
2026-10-13T00:15:00,,,unknown,windows:\Maintenance\Restart Watchdog,windows,\Maintenance\Restart Watchdog,Trigger 1: MSFT_TaskDailyTrigger,daily,false
2026-10-13T00:20:00,,,unknown,windows:\Maintenance\Restart Watchdog,windows,\Maintenance\Restart Watchdog,Trigger 1: MSFT_TaskDailyTrigger,daily,false
2026-10-13T00:25:00,,,unknown,windows:\Maintenance\Restart Watchdog,windows,\Maintenance\Restart Watchdog,Trigger 1: MSFT_TaskDailyTrigger,daily,false
2026-10-13T01:00:00,2026-10-13T02:10:00,70.0,observed,sql_agent:SQL01:Nightly ETL,sql_agent,Nightly ETL,Nightly,daily,false
2026-10-13T01:00:00,2026-10-13T01:40:00,40.0,observed,windows:\Maintenance\Disk Cleanup,windows,\Maintenance\Disk Cleanup,Trigger 1: MSFT_TaskDailyTrigger,daily,false
2026-10-14T00:00:00,,,unknown,windows:\Maintenance\Restart Watchdog,windows,\Maintenance\Restart Watchdog,Trigger 1: MSFT_TaskDailyTrigger,daily,false
2026-10-14T00:05:00,,,unknown,windows:\Maintenance\Restart Watchdog,windows,\Maintenance\Restart Watchdog,Trigger 1: MSFT_TaskDailyTrigger,daily,false
2026-10-14T00:10:00,,,unknown,windows:\Maintenance\Restart Watchdog,windows,\Maintenance\Restart Watchdog,Trigger 1: MSFT_TaskDailyTrigger,daily,false
2026-10-14T00:15:00,,,unknown,windows:\Maintenance\Restart Watchdog,windows,\Maintenance\Restart Watchdog,Trigger 1: MSFT_TaskDailyTrigger,daily,false
2026-10-14T00:20:00,,,unknown,windows:\Maintenance\Restart Watchdog,windows,\Maintenance\Restart Watchdog,Trigger 1: MSFT_TaskDailyTrigger,daily,false
2026-10-14T00:25:00,,,unknown,windows:\Maintenance\Restart Watchdog,windows,\Maintenance\Restart Watchdog,Trigger 1: MSFT_TaskDailyTrigger,daily,false
2026-10-14T01:00:00,2026-10-14T02:10:00,70.0,observed,sql_agent:SQL01:Nightly ETL,sql_agent,Nightly ETL,Nightly,daily,false
2026-10-14T01:00:00,2026-10-14T01:40:00,40.0,observed,windows:\Maintenance\Disk Cleanup,windows,\Maintenance\Disk Cleanup,Trigger 1: MSFT_TaskDailyTrigger,daily,false
2026-10-15T00:00:00,,,unknown,windows:\Maintenance\Restart Watchdog,windows,\Maintenance\Restart Watchdog,Trigger 1: MSFT_TaskDailyTrigger,daily,false
2026-10-15T00:05:00,,,unknown,windows:\Maintenance\Restart Watchdog,windows,\Maintenance\Restart Watchdog,Trigger 1: MSFT_TaskDailyTrigger,daily,false
2026-10-15T00:10:00,,,unknown,windows:\Maintenance\Restart Watchdog,windows,\Maintenance\Restart Watchdog,Trigger 1: MSFT_TaskDailyTrigger,daily,false
2026-10-15T00:15:00,,,unknown,windows:\Maintenance\Restart Watchdog,windows,\Maintenance\Restart Watchdog,Trigger 1: MSFT_TaskDailyTrigger,daily,false
2026-10-15T00:20:00,,,unknown,windows:\Maintenance\Restart Watchdog,windows,\Maintenance\Restart Watchdog,Trigger 1: MSFT_TaskDailyTrigger,daily,false
2026-10-15T00:25:00,,,unknown,windows:\Maintenance\Restart Watchdog,windows,\Maintenance\Restart Watchdog,Trigger 1: MSFT_TaskDailyTrigger,daily,false
2026-10-15T01:00:00,2026-10-15T02:10:00,70.0,observed,sql_agent:SQL01:Nightly ETL,sql_agent,Nightly ETL,Nightly,daily,false
2026-10-15T01:00:00,2026-10-15T01:40:00,40.0,observed,windows:\Maintenance\Disk Cleanup,windows,\Maintenance\Disk Cleanup,Trigger 1: MSFT_TaskDailyTrigger,daily,false
2026-10-16T00:00:00,,,unknown,windows:\Maintenance\Restart Watchdog,windows,\Maintenance\Restart Watchdog,Trigger 1: MSFT_TaskDailyTrigger,daily,false
2026-10-16T00:05:00,,,unknown,windows:\Maintenance\Restart Watchdog,windows,\Maintenance\Restart Watchdog,Trigger 1: MSFT_TaskDailyTrigger,daily,false
2026-10-16T00:10:00,,,unknown,windows:\Maintenance\Restart Watchdog,windows,\Maintenance\Restart Watchdog,Trigger 1: MSFT_TaskDailyTrigger,daily,false
2026-10-16T00:15:00,,,unknown,windows:\Maintenance\Restart Watchdog,windows,\Maintenance\Restart Watchdog,Trigger 1: MSFT_TaskDailyTrigger,daily,false
2026-10-16T00:20:00,,,unknown,windows:\Maintenance\Restart Watchdog,windows,\Maintenance\Restart Watchdog,Trigger 1: MSFT_TaskDailyTrigger,daily,false
2026-10-16T00:25:00,,,unknown,windows:\Maintenance\Restart Watchdog,windows,\Maintenance\Restart Watchdog,Trigger 1: MSFT_TaskDailyTrigger,daily,false
2026-10-16T01:00:00,2026-10-16T02:10:00,70.0,observed,sql_agent:SQL01:Nightly ETL,sql_agent,Nightly ETL,Nightly,daily,false
2026-10-16T01:00:00,2026-10-16T01:40:00,40.0,observed,windows:\Maintenance\Disk Cleanup,windows,\Maintenance\Disk Cleanup,Trigger 1: MSFT_TaskDailyTrigger,daily,false
2026-10-17T00:00:00,,,unknown,windows:\Maintenance\Restart Watchdog,windows,\Maintenance\Restart Watchdog,Trigger 1: MSFT_TaskDailyTrigger,daily,false
2026-10-17T00:05:00,,,unknown,windows:\Maintenance\Restart Watchdog,windows,\Maintenance\Restart Watchdog,Trigger 1: MSFT_TaskDailyTrigger,daily,false
2026-10-17T00:10:00,,,unknown,windows:\Maintenance\Restart Watchdog,windows,\Maintenance\Restart Watchdog,Trigger 1: MSFT_TaskDailyTrigger,daily,false
2026-10-17T00:15:00,,,unknown,windows:\Maintenance\Restart Watchdog,windows,\Maintenance\Restart Watchdog,Trigger 1: MSFT_TaskDailyTrigger,daily,false
2026-10-17T00:20:00,,,unknown,windows:\Maintenance\Restart Watchdog,windows,\Maintenance\Restart Watchdog,Trigger 1: MSFT_TaskDailyTrigger,daily,false
2026-10-17T00:25:00,,,unknown,windows:\Maintenance\Restart Watchdog,windows,\Maintenance\Restart Watchdog,Trigger 1: MSFT_TaskDailyTrigger,daily,false
2026-10-17T01:00:00,2026-10-17T02:10:00,70.0,observed,sql_agent:SQL01:Nightly ETL,sql_agent,Nightly ETL,Nightly,daily,false
2026-10-17T01:00:00,2026-10-17T01:40:00,40.0,observed,windows:\Maintenance\Disk Cleanup,windows,\Maintenance\Disk Cleanup,Trigger 1: MSFT_TaskDailyTrigger,daily,false
2026-10-18T00:00:00,,,unknown,windows:\Maintenance\Restart Watchdog,windows,\Maintenance\Restart Watchdog,Trigger 1: MSFT_TaskDailyTrigger,daily,false
2026-10-18T00:05:00,,,unknown,windows:\Maintenance\Restart Watchdog,windows,\Maintenance\Restart Watchdog,Trigger 1: MSFT_TaskDailyTrigger,daily,false
2026-10-18T00:10:00,,,unknown,windows:\Maintenance\Restart Watchdog,windows,\Maintenance\Restart Watchdog,Trigger 1: MSFT_TaskDailyTrigger,daily,false
2026-10-18T00:15:00,,,unknown,windows:\Maintenance\Restart Watchdog,windows,\Maintenance\Restart Watchdog,Trigger 1: MSFT_TaskDailyTrigger,daily,false
2026-10-18T00:20:00,,,unknown,windows:\Maintenance\Restart Watchdog,windows,\Maintenance\Restart Watchdog,Trigger 1: MSFT_TaskDailyTrigger,daily,false
2026-10-18T00:25:00,,,unknown,windows:\Maintenance\Restart Watchdog,windows,\Maintenance\Restart Watchdog,Trigger 1: MSFT_TaskDailyTrigger,daily,false
2026-10-18T01:00:00,2026-10-18T02:10:00,70.0,observed,sql_agent:SQL01:Nightly ETL,sql_agent,Nightly ETL,Nightly,daily,false
2026-10-18T01:00:00,2026-10-18T01:40:00,40.0,observed,windows:\Maintenance\Disk Cleanup,windows,\Maintenance\Disk Cleanup,Trigger 1: MSFT_TaskDailyTrigger,daily,false
2026-10-19T00:00:00,,,unknown,windows:\Maintenance\Restart Watchdog,windows,\Maintenance\Restart Watchdog,Trigger 1: MSFT_TaskDailyTrigger,daily,false
2026-10-19T00:05:00,,,unknown,windows:\Maintenance\Restart Watchdog,windows,\Maintenance\Restart Watchdog,Trigger 1: MSFT_TaskDailyTrigger,daily,false
2026-10-19T00:10:00,,,unknown,windows:\Maintenance\Restart Watchdog,windows,\Maintenance\Restart Watchdog,Trigger 1: MSFT_TaskDailyTrigger,daily,false
2026-10-19T00:15:00,,,unknown,windows:\Maintenance\Restart Watchdog,windows,\Maintenance\Restart Watchdog,Trigger 1: MSFT_TaskDailyTrigger,daily,false
2026-10-19T00:20:00,,,unknown,windows:\Maintenance\Restart Watchdog,windows,\Maintenance\Restart Watchdog,Trigger 1: MSFT_TaskDailyTrigger,daily,false
2026-10-19T00:25:00,,,unknown,windows:\Maintenance\Restart Watchdog,windows,\Maintenance\Restart Watchdog,Trigger 1: MSFT_TaskDailyTrigger,daily,false
2026-10-19T01:00:00,2026-10-19T02:10:00,70.0,observed,sql_agent:SQL01:Nightly ETL,sql_agent,Nightly ETL,Nightly,daily,false
2026-10-19T01:00:00,2026-10-19T01:40:00,40.0,observed,windows:\Maintenance\Disk Cleanup,windows,\Maintenance\Disk Cleanup,Trigger 1: MSFT_TaskDailyTrigger,daily,false
2026-10-20T00:00:00,,,unknown,windows:\Maintenance\Restart Watchdog,windows,\Maintenance\Restart Watchdog,Trigger 1: MSFT_TaskDailyTrigger,daily,false
2026-10-20T00:05:00,,,unknown,windows:\Maintenance\Restart Watchdog,windows,\Maintenance\Restart Watchdog,Trigger 1: MSFT_TaskDailyTrigger,daily,false
2026-10-20T00:10:00,,,unknown,windows:\Maintenance\Restart Watchdog,windows,\Maintenance\Restart Watchdog,Trigger 1: MSFT_TaskDailyTrigger,daily,false
2026-10-20T00:15:00,,,unknown,windows:\Maintenance\Restart Watchdog,windows,\Maintenance\Restart Watchdog,Trigger 1: MSFT_TaskDailyTrigger,daily,false
2026-10-20T00:20:00,,,unknown,windows:\Maintenance\Restart Watchdog,windows,\Maintenance\Restart Watchdog,Trigger 1: MSFT_TaskDailyTrigger,daily,false
2026-10-20T00:25:00,,,unknown,windows:\Maintenance\Restart Watchdog,windows,\Maintenance\Restart Watchdog,Trigger 1: MSFT_TaskDailyTrigger,daily,false
2026-10-20T01:00:00,2026-10-20T02:10:00,70.0,observed,sql_agent:SQL01:Nightly ETL,sql_agent,Nightly ETL,Nightly,daily,false
2026-10-20T01:00:00,2026-10-20T01:40:00,40.0,observed,windows:\Maintenance\Disk Cleanup,windows,\Maintenance\Disk Cleanup,Trigger 1: MSFT_TaskDailyTrigger,daily,false
2026-10-21T00:00:00,,,unknown,windows:\Maintenance\Restart Watchdog,windows,\Maintenance\Restart Watchdog,Trigger 1: MSFT_TaskDailyTrigger,daily,false
2026-10-21T00:05:00,,,unknown,windows:\Maintenance\Restart Watchdog,windows,\Maintenance\Restart Watchdog,Trigger 1: MSFT_TaskDailyTrigger,daily,false
2026-10-21T00:10:00,,,unknown,windows:\Maintenance\Restart Watchdog,windows,\Maintenance\Restart Watchdog,Trigger 1: MSFT_TaskDailyTrigger,daily,false
2026-10-21T00:15:00,,,unknown,windows:\Maintenance\Restart Watchdog,windows,\Maintenance\Restart Watchdog,Trigger 1: MSFT_TaskDailyTrigger,daily,false
2026-10-21T00:20:00,,,unknown,windows:\Maintenance\Restart Watchdog,windows,\Maintenance\Restart Watchdog,Trigger 1: MSFT_TaskDailyTrigger,daily,false
2026-10-21T00:25:00,,,unknown,windows:\Maintenance\Restart Watchdog,windows,\Maintenance\Restart Watchdog,Trigger 1: MSFT_TaskDailyTrigger,daily,false
2026-10-21T01:00:00,2026-10-21T02:10:00,70.0,observed,sql_agent:SQL01:Nightly ETL,sql_agent,Nightly ETL,Nightly,daily,false
2026-10-21T01:00:00,2026-10-21T01:40:00,40.0,observed,windows:\Maintenance\Disk Cleanup,windows,\Maintenance\Disk Cleanup,Trigger 1: MSFT_TaskDailyTrigger,daily,false
2026-10-22T00:00:00,,,unknown,windows:\Maintenance\Restart Watchdog,windows,\Maintenance\Restart Watchdog,Trigger 1: MSFT_TaskDailyTrigger,daily,false
2026-10-22T00:05:00,,,unknown,windows:\Maintenance\Restart Watchdog,windows,\Maintenance\Restart Watchdog,Trigger 1: MSFT_TaskDailyTrigger,daily,false
2026-10-22T00:10:00,,,unknown,windows:\Maintenance\Restart Watchdog,windows,\Maintenance\Restart Watchdog,Trigger 1: MSFT_TaskDailyTrigger,daily,false
2026-10-22T00:15:00,,,unknown,windows:\Maintenance\Restart Watchdog,windows,\Maintenance\Restart Watchdog,Trigger 1: MSFT_TaskDailyTrigger,daily,false
2026-10-22T00:20:00,,,unknown,windows:\Maintenance\Restart Watchdog,windows,\Maintenance\Restart Watchdog,Trigger 1: MSFT_TaskDailyTrigger,daily,false
2026-10-22T00:25:00,,,unknown,windows:\Maintenance\Restart Watchdog,windows,\Maintenance\Restart Watchdog,Trigger 1: MSFT_TaskDailyTrigger,daily,false
2026-10-22T01:00:00,2026-10-22T02:10:00,70.0,observed,sql_agent:SQL01:Nightly ETL,sql_agent,Nightly ETL,Nightly,daily,false
2026-10-22T01:00:00,2026-10-22T01:40:00,40.0,observed,windows:\Maintenance\Disk Cleanup,windows,\Maintenance\Disk Cleanup,Trigger 1: MSFT_TaskDailyTrigger,daily,false
2026-10-23T00:00:00,,,unknown,windows:\Maintenance\Restart Watchdog,windows,\Maintenance\Restart Watchdog,Trigger 1: MSFT_TaskDailyTrigger,daily,false
2026-10-23T00:05:00,,,unknown,windows:\Maintenance\Restart Watchdog,windows,\Maintenance\Restart Watchdog,Trigger 1: MSFT_TaskDailyTrigger,daily,false
2026-10-23T00:10:00,,,unknown,windows:\Maintenance\Restart Watchdog,windows,\Maintenance\Restart Watchdog,Trigger 1: MSFT_TaskDailyTrigger,daily,false
2026-10-23T00:15:00,,,unknown,windows:\Maintenance\Restart Watchdog,windows,\Maintenance\Restart Watchdog,Trigger 1: MSFT_TaskDailyTrigger,daily,false
2026-10-23T00:20:00,,,unknown,windows:\Maintenance\Restart Watchdog,windows,\Maintenance\Restart Watchdog,Trigger 1: MSFT_TaskDailyTrigger,daily,false
2026-10-23T00:25:00,,,unknown,windows:\Maintenance\Restart Watchdog,windows,\Maintenance\Restart Watchdog,Trigger 1: MSFT_TaskDailyTrigger,daily,false
2026-10-23T01:00:00,2026-10-23T02:10:00,70.0,observed,sql_agent:SQL01:Nightly ETL,sql_agent,Nightly ETL,Nightly,daily,false
2026-10-23T01:00:00,2026-10-23T01:40:00,40.0,observed,windows:\Maintenance\Disk Cleanup,windows,\Maintenance\Disk Cleanup,Trigger 1: MSFT_TaskDailyTrigger,daily,false
2026-10-24T00:00:00,,,unknown,windows:\Maintenance\Restart Watchdog,windows,\Maintenance\Restart Watchdog,Trigger 1: MSFT_TaskDailyTrigger,daily,false
2026-10-24T00:05:00,,,unknown,windows:\Maintenance\Restart Watchdog,windows,\Maintenance\Restart Watchdog,Trigger 1: MSFT_TaskDailyTrigger,daily,false
2026-10-24T00:10:00,,,unknown,windows:\Maintenance\Restart Watchdog,windows,\Maintenance\Restart Watchdog,Trigger 1: MSFT_TaskDailyTrigger,daily,false
2026-10-24T00:15:00,,,unknown,windows:\Maintenance\Restart Watchdog,windows,\Maintenance\Restart Watchdog,Trigger 1: MSFT_TaskDailyTrigger,daily,false
2026-10-24T00:20:00,,,unknown,windows:\Maintenance\Restart Watchdog,windows,\Maintenance\Restart Watchdog,Trigger 1: MSFT_TaskDailyTrigger,daily,false
2026-10-24T00:25:00,,,unknown,windows:\Maintenance\Restart Watchdog,windows,\Maintenance\Restart Watchdog,Trigger 1: MSFT_TaskDailyTrigger,daily,false
2026-10-24T01:00:00,2026-10-24T02:10:00,70.0,observed,sql_agent:SQL01:Nightly ETL,sql_agent,Nightly ETL,Nightly,daily,false
2026-10-24T01:00:00,2026-10-24T01:40:00,40.0,observed,windows:\Maintenance\Disk Cleanup,windows,\Maintenance\Disk Cleanup,Trigger 1: MSFT_TaskDailyTrigger,daily,false
2026-10-25T00:00:00,,,unknown,windows:\Maintenance\Restart Watchdog,windows,\Maintenance\Restart Watchdog,Trigger 1: MSFT_TaskDailyTrigger,daily,false
2026-10-25T00:05:00,,,unknown,windows:\Maintenance\Restart Watchdog,windows,\Maintenance\Restart Watchdog,Trigger 1: MSFT_TaskDailyTrigger,daily,false
2026-10-25T00:10:00,,,unknown,windows:\Maintenance\Restart Watchdog,windows,\Maintenance\Restart Watchdog,Trigger 1: MSFT_TaskDailyTrigger,daily,false
2026-10-25T00:15:00,,,unknown,windows:\Maintenance\Restart Watchdog,windows,\Maintenance\Restart Watchdog,Trigger 1: MSFT_TaskDailyTrigger,daily,false
2026-10-25T00:20:00,,,unknown,windows:\Maintenance\Restart Watchdog,windows,\Maintenance\Restart Watchdog,Trigger 1: MSFT_TaskDailyTrigger,daily,false
2026-10-25T00:25:00,,,unknown,windows:\Maintenance\Restart Watchdog,windows,\Maintenance\Restart Watchdog,Trigger 1: MSFT_TaskDailyTrigger,daily,false
2026-10-25T01:00:00,2026-10-25T02:10:00,70.0,observed,sql_agent:SQL01:Nightly ETL,sql_agent,Nightly ETL,Nightly,daily,false
2026-10-25T01:00:00,2026-10-25T01:40:00,40.0,observed,windows:\Maintenance\Disk Cleanup,windows,\Maintenance\Disk Cleanup,Trigger 1: MSFT_TaskDailyTrigger,daily,false
2026-10-26T00:00:00,,,unknown,windows:\Maintenance\Restart Watchdog,windows,\Maintenance\Restart Watchdog,Trigger 1: MSFT_TaskDailyTrigger,daily,false
2026-10-26T00:05:00,,,unknown,windows:\Maintenance\Restart Watchdog,windows,\Maintenance\Restart Watchdog,Trigger 1: MSFT_TaskDailyTrigger,daily,false
2026-10-26T00:10:00,,,unknown,windows:\Maintenance\Restart Watchdog,windows,\Maintenance\Restart Watchdog,Trigger 1: MSFT_TaskDailyTrigger,daily,false
2026-10-26T00:15:00,,,unknown,windows:\Maintenance\Restart Watchdog,windows,\Maintenance\Restart Watchdog,Trigger 1: MSFT_TaskDailyTrigger,daily,false
2026-10-26T00:20:00,,,unknown,windows:\Maintenance\Restart Watchdog,windows,\Maintenance\Restart Watchdog,Trigger 1: MSFT_TaskDailyTrigger,daily,false
2026-10-26T00:25:00,,,unknown,windows:\Maintenance\Restart Watchdog,windows,\Maintenance\Restart Watchdog,Trigger 1: MSFT_TaskDailyTrigger,daily,false
2026-10-26T01:00:00,2026-10-26T02:10:00,70.0,observed,sql_agent:SQL01:Nightly ETL,sql_agent,Nightly ETL,Nightly,daily,false
2026-10-26T01:00:00,2026-10-26T01:40:00,40.0,observed,windows:\Maintenance\Disk Cleanup,windows,\Maintenance\Disk Cleanup,Trigger 1: MSFT_TaskDailyTrigger,daily,false
2026-10-27T00:00:00,,,unknown,windows:\Maintenance\Restart Watchdog,windows,\Maintenance\Restart Watchdog,Trigger 1: MSFT_TaskDailyTrigger,daily,false
2026-10-27T00:05:00,,,unknown,windows:\Maintenance\Restart Watchdog,windows,\Maintenance\Restart Watchdog,Trigger 1: MSFT_TaskDailyTrigger,daily,false
2026-10-27T00:10:00,,,unknown,windows:\Maintenance\Restart Watchdog,windows,\Maintenance\Restart Watchdog,Trigger 1: MSFT_TaskDailyTrigger,daily,false
2026-10-27T00:15:00,,,unknown,windows:\Maintenance\Restart Watchdog,windows,\Maintenance\Restart Watchdog,Trigger 1: MSFT_TaskDailyTrigger,daily,false
2026-10-27T00:20:00,,,unknown,windows:\Maintenance\Restart Watchdog,windows,\Maintenance\Restart Watchdog,Trigger 1: MSFT_TaskDailyTrigger,daily,false
2026-10-27T00:25:00,,,unknown,windows:\Maintenance\Restart Watchdog,windows,\Maintenance\Restart Watchdog,Trigger 1: MSFT_TaskDailyTrigger,daily,false
2026-10-27T01:00:00,2026-10-27T02:10:00,70.0,observed,sql_agent:SQL01:Nightly ETL,sql_agent,Nightly ETL,Nightly,daily,false
2026-10-27T01:00:00,2026-10-27T01:40:00,40.0,observed,windows:\Maintenance\Disk Cleanup,windows,\Maintenance\Disk Cleanup,Trigger 1: MSFT_TaskDailyTrigger,daily,false
2026-10-28T00:00:00,,,unknown,windows:\Maintenance\Restart Watchdog,windows,\Maintenance\Restart Watchdog,Trigger 1: MSFT_TaskDailyTrigger,daily,false
2026-10-28T00:05:00,,,unknown,windows:\Maintenance\Restart Watchdog,windows,\Maintenance\Restart Watchdog,Trigger 1: MSFT_TaskDailyTrigger,daily,false
2026-10-28T00:10:00,,,unknown,windows:\Maintenance\Restart Watchdog,windows,\Maintenance\Restart Watchdog,Trigger 1: MSFT_TaskDailyTrigger,daily,false
2026-10-28T00:15:00,,,unknown,windows:\Maintenance\Restart Watchdog,windows,\Maintenance\Restart Watchdog,Trigger 1: MSFT_TaskDailyTrigger,daily,false
2026-10-28T00:20:00,,,unknown,windows:\Maintenance\Restart Watchdog,windows,\Maintenance\Restart Watchdog,Trigger 1: MSFT_TaskDailyTrigger,daily,false
2026-10-28T00:25:00,,,unknown,windows:\Maintenance\Restart Watchdog,windows,\Maintenance\Restart Watchdog,Trigger 1: MSFT_TaskDailyTrigger,daily,false
2026-10-28T01:00:00,2026-10-28T02:10:00,70.0,observed,sql_agent:SQL01:Nightly ETL,sql_agent,Nightly ETL,Nightly,daily,false
2026-10-28T01:00:00,2026-10-28T01:40:00,40.0,observed,windows:\Maintenance\Disk Cleanup,windows,\Maintenance\Disk Cleanup,Trigger 1: MSFT_TaskDailyTrigger,daily,false
2026-10-29T00:00:00,,,unknown,windows:\Maintenance\Restart Watchdog,windows,\Maintenance\Restart Watchdog,Trigger 1: MSFT_TaskDailyTrigger,daily,false
2026-10-29T00:05:00,,,unknown,windows:\Maintenance\Restart Watchdog,windows,\Maintenance\Restart Watchdog,Trigger 1: MSFT_TaskDailyTrigger,daily,false
2026-10-29T00:10:00,,,unknown,windows:\Maintenance\Restart Watchdog,windows,\Maintenance\Restart Watchdog,Trigger 1: MSFT_TaskDailyTrigger,daily,false
2026-10-29T00:15:00,,,unknown,windows:\Maintenance\Restart Watchdog,windows,\Maintenance\Restart Watchdog,Trigger 1: MSFT_TaskDailyTrigger,daily,false
2026-10-29T00:20:00,,,unknown,windows:\Maintenance\Restart Watchdog,windows,\Maintenance\Restart Watchdog,Trigger 1: MSFT_TaskDailyTrigger,daily,false
2026-10-29T00:25:00,,,unknown,windows:\Maintenance\Restart Watchdog,windows,\Maintenance\Restart Watchdog,Trigger 1: MSFT_TaskDailyTrigger,daily,false
2026-10-29T01:00:00,2026-10-29T02:10:00,70.0,observed,sql_agent:SQL01:Nightly ETL,sql_agent,Nightly ETL,Nightly,daily,false
2026-10-29T01:00:00,2026-10-29T01:40:00,40.0,observed,windows:\Maintenance\Disk Cleanup,windows,\Maintenance\Disk Cleanup,Trigger 1: MSFT_TaskDailyTrigger,daily,false
2026-10-30T00:00:00,,,unknown,windows:\Maintenance\Restart Watchdog,windows,\Maintenance\Restart Watchdog,Trigger 1: MSFT_TaskDailyTrigger,daily,false
2026-10-30T00:05:00,,,unknown,windows:\Maintenance\Restart Watchdog,windows,\Maintenance\Restart Watchdog,Trigger 1: MSFT_TaskDailyTrigger,daily,false
2026-10-30T00:10:00,,,unknown,windows:\Maintenance\Restart Watchdog,windows,\Maintenance\Restart Watchdog,Trigger 1: MSFT_TaskDailyTrigger,daily,false
2026-10-30T00:15:00,,,unknown,windows:\Maintenance\Restart Watchdog,windows,\Maintenance\Restart Watchdog,Trigger 1: MSFT_TaskDailyTrigger,daily,false
2026-10-30T00:20:00,,,unknown,windows:\Maintenance\Restart Watchdog,windows,\Maintenance\Restart Watchdog,Trigger 1: MSFT_TaskDailyTrigger,daily,false
2026-10-30T00:25:00,,,unknown,windows:\Maintenance\Restart Watchdog,windows,\Maintenance\Restart Watchdog,Trigger 1: MSFT_TaskDailyTrigger,daily,false
2026-10-30T01:00:00,2026-10-30T02:10:00,70.0,observed,sql_agent:SQL01:Nightly ETL,sql_agent,Nightly ETL,Nightly,daily,false
2026-10-30T01:00:00,2026-10-30T01:40:00,40.0,observed,windows:\Maintenance\Disk Cleanup,windows,\Maintenance\Disk Cleanup,Trigger 1: MSFT_TaskDailyTrigger,daily,false
2026-10-31T00:00:00,,,unknown,windows:\Maintenance\Restart Watchdog,windows,\Maintenance\Restart Watchdog,Trigger 1: MSFT_TaskDailyTrigger,daily,false
2026-10-31T00:05:00,,,unknown,windows:\Maintenance\Restart Watchdog,windows,\Maintenance\Restart Watchdog,Trigger 1: MSFT_TaskDailyTrigger,daily,false
2026-10-31T00:10:00,,,unknown,windows:\Maintenance\Restart Watchdog,windows,\Maintenance\Restart Watchdog,Trigger 1: MSFT_TaskDailyTrigger,daily,false
2026-10-31T00:15:00,,,unknown,windows:\Maintenance\Restart Watchdog,windows,\Maintenance\Restart Watchdog,Trigger 1: MSFT_TaskDailyTrigger,daily,false
2026-10-31T00:20:00,,,unknown,windows:\Maintenance\Restart Watchdog,windows,\Maintenance\Restart Watchdog,Trigger 1: MSFT_TaskDailyTrigger,daily,false
2026-10-31T00:25:00,,,unknown,windows:\Maintenance\Restart Watchdog,windows,\Maintenance\Restart Watchdog,Trigger 1: MSFT_TaskDailyTrigger,daily,false
2026-10-31T01:00:00,2026-10-31T02:10:00,70.0,observed,sql_agent:SQL01:Nightly ETL,sql_agent,Nightly ETL,Nightly,daily,false
2026-10-31T01:00:00,2026-10-31T01:40:00,40.0,observed,windows:\Maintenance\Disk Cleanup,windows,\Maintenance\Disk Cleanup,Trigger 1: MSFT_TaskDailyTrigger,daily,false
2026-11-01T00:00:00,,,unknown,windows:\Maintenance\Restart Watchdog,windows,\Maintenance\Restart Watchdog,Trigger 1: MSFT_TaskDailyTrigger,daily,false
2026-11-01T00:05:00,,,unknown,windows:\Maintenance\Restart Watchdog,windows,\Maintenance\Restart Watchdog,Trigger 1: MSFT_TaskDailyTrigger,daily,false
2026-11-01T00:10:00,,,unknown,windows:\Maintenance\Restart Watchdog,windows,\Maintenance\Restart Watchdog,Trigger 1: MSFT_TaskDailyTrigger,daily,false
2026-11-01T00:15:00,,,unknown,windows:\Maintenance\Restart Watchdog,windows,\Maintenance\Restart Watchdog,Trigger 1: MSFT_TaskDailyTrigger,daily,false
2026-11-01T00:20:00,,,unknown,windows:\Maintenance\Restart Watchdog,windows,\Maintenance\Restart Watchdog,Trigger 1: MSFT_TaskDailyTrigger,daily,false
2026-11-01T00:25:00,,,unknown,windows:\Maintenance\Restart Watchdog,windows,\Maintenance\Restart Watchdog,Trigger 1: MSFT_TaskDailyTrigger,daily,false
2026-11-01T01:00:00,2026-11-01T02:10:00,70.0,observed,sql_agent:SQL01:Nightly ETL,sql_agent,Nightly ETL,Nightly,daily,false
2026-11-01T01:00:00,2026-11-01T01:40:00,40.0,observed,windows:\Maintenance\Disk Cleanup,windows,\Maintenance\Disk Cleanup,Trigger 1: MSFT_TaskDailyTrigger,daily,false
2026-11-02T00:00:00,,,unknown,windows:\Maintenance\Restart Watchdog,windows,\Maintenance\Restart Watchdog,Trigger 1: MSFT_TaskDailyTrigger,daily,false
2026-11-02T00:05:00,,,unknown,windows:\Maintenance\Restart Watchdog,windows,\Maintenance\Restart Watchdog,Trigger 1: MSFT_TaskDailyTrigger,daily,false
2026-11-02T00:10:00,,,unknown,windows:\Maintenance\Restart Watchdog,windows,\Maintenance\Restart Watchdog,Trigger 1: MSFT_TaskDailyTrigger,daily,false
2026-11-02T00:15:00,,,unknown,windows:\Maintenance\Restart Watchdog,windows,\Maintenance\Restart Watchdog,Trigger 1: MSFT_TaskDailyTrigger,daily,false
2026-11-02T00:20:00,,,unknown,windows:\Maintenance\Restart Watchdog,windows,\Maintenance\Restart Watchdog,Trigger 1: MSFT_TaskDailyTrigger,daily,false
2026-11-02T00:25:00,,,unknown,windows:\Maintenance\Restart Watchdog,windows,\Maintenance\Restart Watchdog,Trigger 1: MSFT_TaskDailyTrigger,daily,false
2026-11-02T01:00:00,2026-11-02T02:10:00,70.0,observed,sql_agent:SQL01:Nightly ETL,sql_agent,Nightly ETL,Nightly,daily,false
2026-11-02T01:00:00,2026-11-02T01:40:00,40.0,observed,windows:\Maintenance\Disk Cleanup,windows,\Maintenance\Disk Cleanup,Trigger 1: MSFT_TaskDailyTrigger,daily,false
2026-11-03T00:00:00,,,unknown,windows:\Maintenance\Restart Watchdog,windows,\Maintenance\Restart Watchdog,Trigger 1: MSFT_TaskDailyTrigger,daily,false
2026-11-03T00:05:00,,,unknown,windows:\Maintenance\Restart Watchdog,windows,\Maintenance\Restart Watchdog,Trigger 1: MSFT_TaskDailyTrigger,daily,false
2026-11-03T00:10:00,,,unknown,windows:\Maintenance\Restart Watchdog,windows,\Maintenance\Restart Watchdog,Trigger 1: MSFT_TaskDailyTrigger,daily,false
2026-11-03T00:15:00,,,unknown,windows:\Maintenance\Restart Watchdog,windows,\Maintenance\Restart Watchdog,Trigger 1: MSFT_TaskDailyTrigger,daily,false
2026-11-03T00:20:00,,,unknown,windows:\Maintenance\Restart Watchdog,windows,\Maintenance\Restart Watchdog,Trigger 1: MSFT_TaskDailyTrigger,daily,false
2026-11-03T00:25:00,,,unknown,windows:\Maintenance\Restart Watchdog,windows,\Maintenance\Restart Watchdog,Trigger 1: MSFT_TaskDailyTrigger,daily,false
2026-11-03T01:00:00,2026-11-03T02:10:00,70.0,observed,sql_agent:SQL01:Nightly ETL,sql_agent,Nightly ETL,Nightly,daily,false
2026-11-03T01:00:00,2026-11-03T01:40:00,40.0,observed,windows:\Maintenance\Disk Cleanup,windows,\Maintenance\Disk Cleanup,Trigger 1: MSFT_TaskDailyTrigger,daily,false
2026-11-04T00:00:00,,,unknown,windows:\Maintenance\Restart Watchdog,windows,\Maintenance\Restart Watchdog,Trigger 1: MSFT_TaskDailyTrigger,daily,false
2026-11-04T00:05:00,,,unknown,windows:\Maintenance\Restart Watchdog,windows,\Maintenance\Restart Watchdog,Trigger 1: MSFT_TaskDailyTrigger,daily,false
2026-11-04T00:10:00,,,unknown,windows:\Maintenance\Restart Watchdog,windows,\Maintenance\Restart Watchdog,Trigger 1: MSFT_TaskDailyTrigger,daily,false
2026-11-04T00:15:00,,,unknown,windows:\Maintenance\Restart Watchdog,windows,\Maintenance\Restart Watchdog,Trigger 1: MSFT_TaskDailyTrigger,daily,false
2026-11-04T00:20:00,,,unknown,windows:\Maintenance\Restart Watchdog,windows,\Maintenance\Restart Watchdog,Trigger 1: MSFT_TaskDailyTrigger,daily,false
2026-11-04T00:25:00,,,unknown,windows:\Maintenance\Restart Watchdog,windows,\Maintenance\Restart Watchdog,Trigger 1: MSFT_TaskDailyTrigger,daily,false
2026-11-04T01:00:00,2026-11-04T02:10:00,70.0,observed,sql_agent:SQL01:Nightly ETL,sql_agent,Nightly ETL,Nightly,daily,false
2026-11-04T01:00:00,2026-11-04T01:40:00,40.0,observed,windows:\Maintenance\Disk Cleanup,windows,\Maintenance\Disk Cleanup,Trigger 1: MSFT_TaskDailyTrigger,daily,false
2026-11-05T00:00:00,,,unknown,windows:\Maintenance\Restart Watchdog,windows,\Maintenance\Restart Watchdog,Trigger 1: MSFT_TaskDailyTrigger,daily,false
2026-11-05T00:05:00,,,unknown,windows:\Maintenance\Restart Watchdog,windows,\Maintenance\Restart Watchdog,Trigger 1: MSFT_TaskDailyTrigger,daily,false
2026-11-05T00:10:00,,,unknown,windows:\Maintenance\Restart Watchdog,windows,\Maintenance\Restart Watchdog,Trigger 1: MSFT_TaskDailyTrigger,daily,false
2026-11-05T00:15:00,,,unknown,windows:\Maintenance\Restart Watchdog,windows,\Maintenance\Restart Watchdog,Trigger 1: MSFT_TaskDailyTrigger,daily,false
2026-11-05T00:20:00,,,unknown,windows:\Maintenance\Restart Watchdog,windows,\Maintenance\Restart Watchdog,Trigger 1: MSFT_TaskDailyTrigger,daily,false
2026-11-05T00:25:00,,,unknown,windows:\Maintenance\Restart Watchdog,windows,\Maintenance\Restart Watchdog,Trigger 1: MSFT_TaskDailyTrigger,daily,false
2026-11-05T01:00:00,2026-11-05T02:10:00,70.0,observed,sql_agent:SQL01:Nightly ETL,sql_agent,Nightly ETL,Nightly,daily,false
2026-11-05T01:00:00,2026-11-05T01:40:00,40.0,observed,windows:\Maintenance\Disk Cleanup,windows,\Maintenance\Disk Cleanup,Trigger 1: MSFT_TaskDailyTrigger,daily,false
2026-11-06T00:00:00,,,unknown,windows:\Maintenance\Restart Watchdog,windows,\Maintenance\Restart Watchdog,Trigger 1: MSFT_TaskDailyTrigger,daily,false
2026-11-06T00:05:00,,,unknown,windows:\Maintenance\Restart Watchdog,windows,\Maintenance\Restart Watchdog,Trigger 1: MSFT_TaskDailyTrigger,daily,false
2026-11-06T00:10:00,,,unknown,windows:\Maintenance\Restart Watchdog,windows,\Maintenance\Restart Watchdog,Trigger 1: MSFT_TaskDailyTrigger,daily,false
2026-11-06T00:15:00,,,unknown,windows:\Maintenance\Restart Watchdog,windows,\Maintenance\Restart Watchdog,Trigger 1: MSFT_TaskDailyTrigger,daily,false
2026-11-06T00:20:00,,,unknown,windows:\Maintenance\Restart Watchdog,windows,\Maintenance\Restart Watchdog,Trigger 1: MSFT_TaskDailyTrigger,daily,false
2026-11-06T00:25:00,,,unknown,windows:\Maintenance\Restart Watchdog,windows,\Maintenance\Restart Watchdog,Trigger 1: MSFT_TaskDailyTrigger,daily,false
2026-11-06T01:00:00,2026-11-06T02:10:00,70.0,observed,sql_agent:SQL01:Nightly ETL,sql_agent,Nightly ETL,Nightly,daily,false
2026-11-06T01:00:00,2026-11-06T01:40:00,40.0,observed,windows:\Maintenance\Disk Cleanup,windows,\Maintenance\Disk Cleanup,Trigger 1: MSFT_TaskDailyTrigger,daily,false
2026-11-07T00:00:00,,,unknown,windows:\Maintenance\Restart Watchdog,windows,\Maintenance\Restart Watchdog,Trigger 1: MSFT_TaskDailyTrigger,daily,false
2026-11-07T00:05:00,,,unknown,windows:\Maintenance\Restart Watchdog,windows,\Maintenance\Restart Watchdog,Trigger 1: MSFT_TaskDailyTrigger,daily,false
2026-11-07T00:10:00,,,unknown,windows:\Maintenance\Restart Watchdog,windows,\Maintenance\Restart Watchdog,Trigger 1: MSFT_TaskDailyTrigger,daily,false
2026-11-07T00:15:00,,,unknown,windows:\Maintenance\Restart Watchdog,windows,\Maintenance\Restart Watchdog,Trigger 1: MSFT_TaskDailyTrigger,daily,false
2026-11-07T00:20:00,,,unknown,windows:\Maintenance\Restart Watchdog,windows,\Maintenance\Restart Watchdog,Trigger 1: MSFT_TaskDailyTrigger,daily,false
2026-11-07T00:25:00,,,unknown,windows:\Maintenance\Restart Watchdog,windows,\Maintenance\Restart Watchdog,Trigger 1: MSFT_TaskDailyTrigger,daily,false
2026-11-07T01:00:00,2026-11-07T02:10:00,70.0,observed,sql_agent:SQL01:Nightly ETL,sql_agent,Nightly ETL,Nightly,daily,false
2026-11-07T01:00:00,2026-11-07T01:40:00,40.0,observed,windows:\Maintenance\Disk Cleanup,windows,\Maintenance\Disk Cleanup,Trigger 1: MSFT_TaskDailyTrigger,daily,false
2026-11-08T00:00:00,,,unknown,windows:\Maintenance\Restart Watchdog,windows,\Maintenance\Restart Watchdog,Trigger 1: MSFT_TaskDailyTrigger,daily,false
2026-11-08T00:05:00,,,unknown,windows:\Maintenance\Restart Watchdog,windows,\Maintenance\Restart Watchdog,Trigger 1: MSFT_TaskDailyTrigger,daily,false
2026-11-08T00:10:00,,,unknown,windows:\Maintenance\Restart Watchdog,windows,\Maintenance\Restart Watchdog,Trigger 1: MSFT_TaskDailyTrigger,daily,false
2026-11-08T00:15:00,,,unknown,windows:\Maintenance\Restart Watchdog,windows,\Maintenance\Restart Watchdog,Trigger 1: MSFT_TaskDailyTrigger,daily,false
2026-11-08T00:20:00,,,unknown,windows:\Maintenance\Restart Watchdog,windows,\Maintenance\Restart Watchdog,Trigger 1: MSFT_TaskDailyTrigger,daily,false
2026-11-08T00:25:00,,,unknown,windows:\Maintenance\Restart Watchdog,windows,\Maintenance\Restart Watchdog,Trigger 1: MSFT_TaskDailyTrigger,daily,false
2026-11-08T01:00:00,2026-11-08T02:10:00,70.0,observed,sql_agent:SQL01:Nightly ETL,sql_agent,Nightly ETL,Nightly,daily,false
2026-11-08T01:00:00,2026-11-08T01:40:00,40.0,observed,windows:\Maintenance\Disk Cleanup,windows,\Maintenance\Disk Cleanup,Trigger 1: MSFT_TaskDailyTrigger,daily,false
2026-11-09T00:00:00,,,unknown,windows:\Maintenance\Restart Watchdog,windows,\Maintenance\Restart Watchdog,Trigger 1: MSFT_TaskDailyTrigger,daily,false
2026-11-09T00:05:00,,,unknown,windows:\Maintenance\Restart Watchdog,windows,\Maintenance\Restart Watchdog,Trigger 1: MSFT_TaskDailyTrigger,daily,false
2026-11-09T00:10:00,,,unknown,windows:\Maintenance\Restart Watchdog,windows,\Maintenance\Restart Watchdog,Trigger 1: MSFT_TaskDailyTrigger,daily,false
2026-11-09T00:15:00,,,unknown,windows:\Maintenance\Restart Watchdog,windows,\Maintenance\Restart Watchdog,Trigger 1: MSFT_TaskDailyTrigger,daily,false
2026-11-09T00:20:00,,,unknown,windows:\Maintenance\Restart Watchdog,windows,\Maintenance\Restart Watchdog,Trigger 1: MSFT_TaskDailyTrigger,daily,false
2026-11-09T00:25:00,,,unknown,windows:\Maintenance\Restart Watchdog,windows,\Maintenance\Restart Watchdog,Trigger 1: MSFT_TaskDailyTrigger,daily,false
2026-11-09T01:00:00,2026-11-09T02:10:00,70.0,observed,sql_agent:SQL01:Nightly ETL,sql_agent,Nightly ETL,Nightly,daily,false
2026-11-09T01:00:00,2026-11-09T01:40:00,40.0,observed,windows:\Maintenance\Disk Cleanup,windows,\Maintenance\Disk Cleanup,Trigger 1: MSFT_TaskDailyTrigger,daily,false
2026-11-10T00:00:00,,,unknown,windows:\Maintenance\Restart Watchdog,windows,\Maintenance\Restart Watchdog,Trigger 1: MSFT_TaskDailyTrigger,daily,false
2026-11-10T00:05:00,,,unknown,windows:\Maintenance\Restart Watchdog,windows,\Maintenance\Restart Watchdog,Trigger 1: MSFT_TaskDailyTrigger,daily,false
2026-11-10T00:10:00,,,unknown,windows:\Maintenance\Restart Watchdog,windows,\Maintenance\Restart Watchdog,Trigger 1: MSFT_TaskDailyTrigger,daily,false
2026-11-10T00:15:00,,,unknown,windows:\Maintenance\Restart Watchdog,windows,\Maintenance\Restart Watchdog,Trigger 1: MSFT_TaskDailyTrigger,daily,false
2026-11-10T00:20:00,,,unknown,windows:\Maintenance\Restart Watchdog,windows,\Maintenance\Restart Watchdog,Trigger 1: MSFT_TaskDailyTrigger,daily,false
2026-11-10T00:25:00,,,unknown,windows:\Maintenance\Restart Watchdog,windows,\Maintenance\Restart Watchdog,Trigger 1: MSFT_TaskDailyTrigger,daily,false
2026-11-10T01:00:00,2026-11-10T02:10:00,70.0,observed,sql_agent:SQL01:Nightly ETL,sql_agent,Nightly ETL,Nightly,daily,false
2026-11-10T01:00:00,2026-11-10T01:40:00,40.0,observed,windows:\Maintenance\Disk Cleanup,windows,\Maintenance\Disk Cleanup,Trigger 1: MSFT_TaskDailyTrigger,daily,false
2026-11-11T00:00:00,,,unknown,windows:\Maintenance\Restart Watchdog,windows,\Maintenance\Restart Watchdog,Trigger 1: MSFT_TaskDailyTrigger,daily,false
2026-11-11T00:05:00,,,unknown,windows:\Maintenance\Restart Watchdog,windows,\Maintenance\Restart Watchdog,Trigger 1: MSFT_TaskDailyTrigger,daily,false
2026-11-11T00:10:00,,,unknown,windows:\Maintenance\Restart Watchdog,windows,\Maintenance\Restart Watchdog,Trigger 1: MSFT_TaskDailyTrigger,daily,false
2026-11-11T00:15:00,,,unknown,windows:\Maintenance\Restart Watchdog,windows,\Maintenance\Restart Watchdog,Trigger 1: MSFT_TaskDailyTrigger,daily,false
2026-11-11T00:20:00,,,unknown,windows:\Maintenance\Restart Watchdog,windows,\Maintenance\Restart Watchdog,Trigger 1: MSFT_TaskDailyTrigger,daily,false
2026-11-11T00:25:00,,,unknown,windows:\Maintenance\Restart Watchdog,windows,\Maintenance\Restart Watchdog,Trigger 1: MSFT_TaskDailyTrigger,daily,false
2026-11-11T01:00:00,2026-11-11T02:10:00,70.0,observed,sql_agent:SQL01:Nightly ETL,sql_agent,Nightly ETL,Nightly,daily,false
2026-11-11T01:00:00,2026-11-11T01:40:00,40.0,observed,windows:\Maintenance\Disk Cleanup,windows,\Maintenance\Disk Cleanup,Trigger 1: MSFT_TaskDailyTrigger,daily,false
