first_start,first_end,first_job_id,second_start,second_end,second_job_id,overlap_minutes
2026-10-08T01:00:00,2026-10-08T02:10:00,sql_agent:SQL01:Nightly ETL,2026-10-08T01:00:00,2026-10-08T01:40:00,windows:\Maintenance\Disk Cleanup,40.0
2026-10-09T01:00:00,2026-10-09T02:10:00,sql_agent:SQL01:Nightly ETL,2026-10-09T01:00:00,2026-10-09T01:40:00,windows:\Maintenance\Disk Cleanup,40.0
2026-10-10T01:00:00,2026-10-10T02:10:00,sql_agent:SQL01:Nightly ETL,2026-10-10T01:00:00,2026-10-10T01:40:00,windows:\Maintenance\Disk Cleanup,40.0
2026-10-11T01:00:00,2026-10-11T02:10:00,sql_agent:SQL01:Nightly ETL,2026-10-11T01:00:00,2026-10-11T01:40:00,windows:\Maintenance\Disk Cleanup,40.0
2026-10-12T01:00:00,2026-10-12T02:10:00,sql_agent:SQL01:Nightly ETL,2026-10-12T01:00:00,2026-10-12T01:40:00,windows:\Maintenance\Disk Cleanup,40.0
2026-10-13T01:00:00,2026-10-13T02:10:00,sql_agent:SQL01:Nightly ETL,2026-10-13T01:00:00,2026-10-13T01:40:00,windows:\Maintenance\Disk Cleanup,40.0
2026-10-14T01:00:00,2026-10-14T02:10:00,sql_agent:SQL01:Nightly ETL,2026-10-14T01:00:00,2026-10-14T01:40:00,windows:\Maintenance\Disk Cleanup,40.0
2026-10-15T01:00:00,2026-10-15T02:10:00,sql_agent:SQL01:Nightly ETL,2026-10-15T01:00:00,2026-10-15T01:40:00,windows:\Maintenance\Disk Cleanup,40.0
2026-10-16T01:00:00,2026-10-16T02:10:00,sql_agent:SQL01:Nightly ETL,2026-10-16T01:00:00,2026-10-16T01:40:00,windows:\Maintenance\Disk Cleanup,40.0
2026-10-17T01:00:00,2026-10-17T02:10:00,sql_agent:SQL01:Nightly ETL,2026-10-17T01:00:00,2026-10-17T01:40:00,windows:\Maintenance\Disk Cleanup,40.0
2026-10-18T01:00:00,2026-10-18T02:10:00,sql_agent:SQL01:Nightly ETL,2026-10-18T01:00:00,2026-10-18T01:40:00,windows:\Maintenance\Disk Cleanup,40.0
2026-10-19T01:00:00,2026-10-19T02:10:00,sql_agent:SQL01:Nightly ETL,2026-10-19T01:00:00,2026-10-19T01:40:00,windows:\Maintenance\Disk Cleanup,40.0
2026-10-20T01:00:00,2026-10-20T02:10:00,sql_agent:SQL01:Nightly ETL,2026-10-20T01:00:00,2026-10-20T01:40:00,windows:\Maintenance\Disk Cleanup,40.0
2026-10-21T01:00:00,2026-10-21T02:10:00,sql_agent:SQL01:Nightly ETL,2026-10-21T01:00:00,2026-10-21T01:40:00,windows:\Maintenance\Disk Cleanup,40.0
2026-10-22T01:00:00,2026-10-22T02:10:00,sql_agent:SQL01:Nightly ETL,2026-10-22T01:00:00,2026-10-22T01:40:00,windows:\Maintenance\Disk Cleanup,40.0
2026-10-23T01:00:00,2026-10-23T02:10:00,sql_agent:SQL01:Nightly ETL,2026-10-23T01:00:00,2026-10-23T01:40:00,windows:\Maintenance\Disk Cleanup,40.0
2026-10-24T01:00:00,2026-10-24T02:10:00,sql_agent:SQL01:Nightly ETL,2026-10-24T01:00:00,2026-10-24T01:40:00,windows:\Maintenance\Disk Cleanup,40.0
2026-10-25T01:00:00,2026-10-25T02:10:00,sql_agent:SQL01:Nightly ETL,2026-10-25T01:00:00,2026-10-25T01:40:00,windows:\Maintenance\Disk Cleanup,40.0
2026-10-26T01:00:00,2026-10-26T02:10:00,sql_agent:SQL01:Nightly ETL,2026-10-26T01:00:00,2026-10-26T01:40:00,windows:\Maintenance\Disk Cleanup,40.0
2026-10-27T01:00:00,2026-10-27T02:10:00,sql_agent:SQL01:Nightly ETL,2026-10-27T01:00:00,2026-10-27T01:40:00,windows:\Maintenance\Disk Cleanup,40.0
2026-10-28T01:00:00,2026-10-28T02:10:00,sql_agent:SQL01:Nightly ETL,2026-10-28T01:00:00,2026-10-28T01:40:00,windows:\Maintenance\Disk Cleanup,40.0
2026-10-29T01:00:00,2026-10-29T02:10:00,sql_agent:SQL01:Nightly ETL,2026-10-29T01:00:00,2026-10-29T01:40:00,windows:\Maintenance\Disk Cleanup,40.0
2026-10-30T01:00:00,2026-10-30T02:10:00,sql_agent:SQL01:Nightly ETL,2026-10-30T01:00:00,2026-10-30T01:40:00,windows:\Maintenance\Disk Cleanup,40.0
2026-10-31T01:00:00,2026-10-31T02:10:00,sql_agent:SQL01:Nightly ETL,2026-10-31T01:00:00,2026-10-31T01:40:00,windows:\Maintenance\Disk Cleanup,40.0
2026-11-01T01:00:00,2026-11-01T02:10:00,sql_agent:SQL01:Nightly ETL,2026-11-01T01:00:00,2026-11-01T01:40:00,windows:\Maintenance\Disk Cleanup,40.0
2026-11-02T01:00:00,2026-11-02T02:10:00,sql_agent:SQL01:Nightly ETL,2026-11-02T01:00:00,2026-11-02T01:40:00,windows:\Maintenance\Disk Cleanup,40.0
2026-11-03T01:00:00,2026-11-03T02:10:00,sql_agent:SQL01:Nightly ETL,2026-11-03T01:00:00,2026-11-03T01:40:00,windows:\Maintenance\Disk Cleanup,40.0
2026-11-04T01:00:00,2026-11-04T02:10:00,sql_agent:SQL01:Nightly ETL,2026-11-04T01:00:00,2026-11-04T01:40:00,windows:\Maintenance\Disk Cleanup,40.0
2026-11-05T01:00:00,2026-11-05T02:10:00,sql_agent:SQL01:Nightly ETL,2026-11-05T01:00:00,2026-11-05T01:40:00,windows:\Maintenance\Disk Cleanup,40.0
2026-11-06T01:00:00,2026-11-06T02:10:00,sql_agent:SQL01:Nightly ETL,2026-11-06T01:00:00,2026-11-06T01:40:00,windows:\Maintenance\Disk Cleanup,40.0
2026-11-07T01:00:00,2026-11-07T02:10:00,sql_agent:SQL01:Nightly ETL,2026-11-07T01:00:00,2026-11-07T01:40:00,windows:\Maintenance\Disk Cleanup,40.0
2026-11-08T01:00:00,2026-11-08T02:10:00,sql_agent:SQL01:Nightly ETL,2026-11-08T01:00:00,2026-11-08T01:40:00,windows:\Maintenance\Disk Cleanup,40.0
2026-11-09T01:00:00,2026-11-09T02:10:00,sql_agent:SQL01:Nightly ETL,2026-11-09T01:00:00,2026-11-09T01:40:00,windows:\Maintenance\Disk Cleanup,40.0
2026-11-10T01:00:00,2026-11-10T02:10:00,sql_agent:SQL01:Nightly ETL,2026-11-10T01:00:00,2026-11-10T01:40:00,windows:\Maintenance\Disk Cleanup,40.0
2026-11-11T01:00:00,2026-11-11T02:10:00,sql_agent:SQL01:Nightly ETL,2026-11-11T01:00:00,2026-11-11T01:40:00,windows:\Maintenance\Disk Cleanup,40.0
