hour,starts,known_duration_starts,unknown_duration_starts
2026-10-08 00:00,6,0,6
2026-10-08 01:00,2,2,0
2026-10-09 00:00,6,0,6
2026-10-09 01:00,2,2,0
2026-10-10 00:00,6,0,6
2026-10-10 01:00,2,2,0
2026-10-11 00:00,6,0,6
2026-10-11 01:00,2,2,0
2026-10-12 00:00,6,0,6
2026-10-12 01:00,2,2,0
2026-10-13 00:00,6,0,6
2026-10-13 01:00,2,2,0
2026-10-14 00:00,6,0,6
2026-10-14 01:00,2,2,0
2026-10-15 00:00,6,0,6
2026-10-15 01:00,2,2,0
2026-10-16 00:00,6,0,6
2026-10-16 01:00,2,2,0
2026-10-17 00:00,6,0,6
2026-10-17 01:00,2,2,0
2026-10-18 00:00,6,0,6
2026-10-18 01:00,2,2,0
2026-10-19 00:00,6,0,6
2026-10-19 01:00,2,2,0
2026-10-20 00:00,6,0,6
2026-10-20 01:00,2,2,0
2026-10-21 00:00,6,0,6
2026-10-21 01:00,2,2,0
2026-10-22 00:00,6,0,6
2026-10-22 01:00,2,2,0
2026-10-23 00:00,6,0,6
2026-10-23 01:00,2,2,0
2026-10-24 00:00,6,0,6
2026-10-24 01:00,2,2,0
2026-10-25 00:00,6,0,6
2026-10-25 01:00,2,2,0
2026-10-26 00:00,6,0,6
2026-10-26 01:00,2,2,0
2026-10-27 00:00,6,0,6
2026-10-27 01:00,2,2,0
2026-10-28 00:00,6,0,6
2026-10-28 01:00,2,2,0
2026-10-29 00:00,6,0,6
2026-10-29 01:00,2,2,0
2026-10-30 00:00,6,0,6
2026-10-30 01:00,2,2,0
2026-10-31 00:00,6,0,6
2026-10-31 01:00,2,2,0
2026-11-01 00:00,6,0,6
2026-11-01 01:00,2,2,0
2026-11-02 00:00,6,0,6
2026-11-02 01:00,2,2,0
2026-11-03 00:00,6,0,6
2026-11-03 01:00,2,2,0
2026-11-04 00:00,6,0,6
2026-11-04 01:00,2,2,0
2026-11-05 00:00,6,0,6
2026-11-05 01:00,2,2,0
2026-11-06 00:00,6,0,6
2026-11-06 01:00,2,2,0
2026-11-07 00:00,6,0,6
2026-11-07 01:00,2,2,0
2026-11-08 00:00,6,0,6
2026-11-08 01:00,2,2,0
2026-11-09 00:00,6,0,6
2026-11-09 01:00,2,2,0
2026-11-10 00:00,6,0,6
2026-11-10 01:00,2,2,0
2026-11-11 00:00,6,0,6
2026-11-11 01:00,2,2,0
